timestamp,cps,cps_err,usv_hr
1778108250.38664,14.0,2.6457513110645907,0.175476
1778108252.4215126,4.5,1.5,0.056403
1778108254.4490373,5.0,1.5811388300841898,0.06267
1778108256.4731019,7.0,1.8708286933869707,0.087738
1778108258.4807355,9.5,2.179449471770337,0.119073
1778108260.4674492,6.0,1.7320508075688772,0.075204
1778108262.4885423,4.5,1.5,0.056403
1778108264.559861,3.5,1.3228756555322954,0.043869
1778108266.5541203,7.5,1.9364916731037085,0.094005
1778108268.5722823,9.0,2.1213203435596424,0.112806
1778108270.5854666,5.0,1.5811388300841898,0.06267
1778108272.608864,6.0,1.7320508075688772,0.075204
1778108274.6217866,7.0,1.8708286933869707,0.087738
1778108276.659543,5.0,1.5811388300841898,0.06267
1778108278.6928241,7.0,1.8708286933869707,0.087738
1778108280.7001317,4.0,1.4142135623730951,0.050136
1778108282.717965,7.0,1.8708286933869707,0.087738
1778108284.7470279,6.0,1.7320508075688772,0.075204
1778108286.7784395,9.5,2.179449471770337,0.119073
1778108288.7918031,8.0,2.0,0.100272
1778108290.7905483,4.0,1.4142135623730951,0.050136
1778108292.8539693,5.0,1.5811388300841898,0.06267
1778108294.8670096,7.5,1.9364916731037085,0.094005
1778108296.8524036,3.0,1.224744871391589,0.037602
1778108298.9157877,8.0,2.0,0.100272
1778108300.9463177,6.0,1.7320508075688772,0.075204
1778108302.9147375,6.0,1.7320508075688772,0.075204
1778108304.9730704,5.5,1.6583123951777,0.068937
1778108306.991582,12.0,2.449489742783178,0.150408
1778108309.0004516,10.0,2.23606797749979,0.12534
1778108311.017591,7.0,1.8708286933869707,0.087738
1778108313.045702,4.0,1.4142135623730951,0.050136
1778108315.058446,9.0,2.1213203435596424,0.112806
1778108317.076514,5.0,1.5811388300841898,0.06267
1778108319.1042328,6.5,1.8027756377319946,0.081471
1778108321.126043,6.5,1.8027756377319946,0.081471
1778108323.1348617,8.5,2.0615528128088303,0.106539
1778108325.2005098,8.5,2.0615528128088303,0.106539
1778108327.217005,4.0,1.4142135623730951,0.050136
1778108329.2388976,7.0,1.8708286933869707,0.087738
1778108331.2147107,10.5,2.29128784747792,0.131607
1778108333.272286,9.5,2.179449471770337,0.119073
1778108335.295044,7.5,1.9364916731037085,0.094005
1778108337.3217247,5.5,1.6583123951777,0.068937
1778108339.3291557,3.5,1.3228756555322954,0.043869
1778108341.322882,5.0,1.5811388300841898,0.06267
1778108343.3814623,6.0,1.7320508075688772,0.075204
1778108345.3895977,7.0,1.8708286933869707,0.087738
1778108347.4113116,8.5,2.0615528128088303,0.106539
1778108349.418522,5.5,1.6583123951777,0.068937
1778108351.4404066,4.5,1.5,0.056403
1778108353.5017083,9.0,2.1213203435596424,0.112806
1778108355.5111609,8.5,2.0615528128088303,0.106539
1778108357.5404365,6.0,1.7320508075688772,0.075204
1778108359.5522633,6.5,1.8027756377319946,0.081471
1778108361.581786,6.0,1.7320508075688772,0.075204
1778108363.5664704,4.0,1.4142135623730951,0.050136
1778108365.6235461,4.0,1.4142135623730951,0.050136
1778108367.6436777,6.0,1.7320508075688772,0.075204
1778108369.6216211,5.5,1.6583123951777,0.068937
1778108371.689216,3.5,1.3228756555322954,0.043869
1778108373.6975884,8.5,2.0615528128088303,0.106539
1778108375.7325237,3.5,1.3228756555322954,0.043869
1778108377.7554593,5.0,1.5811388300841898,0.06267
1778108379.7621381,9.5,2.179449471770337,0.119073
1778108381.7504852,5.5,1.6583123951777,0.068937
1778108383.8152843,8.5,2.0615528128088303,0.106539
1778108385.8454049,5.5,1.6583123951777,0.068937
1778108387.8568995,7.0,1.8708286933869707,0.087738
1778108389.869927,6.0,1.7320508075688772,0.075204
1778108391.8896146,5.0,1.5811388300841898,0.06267
1778108393.8966177,9.5,2.179449471770337,0.119073
1778108395.9163692,9.0,2.1213203435596424,0.112806
1778108397.9494069,8.0,2.0,0.100272
1778108399.9574776,4.5,1.5,0.056403
1778108401.9755774,8.0,2.0,0.100272
1778108404.0034692,3.0,1.224744871391589,0.037602
1778108406.0189574,7.0,1.8708286933869707,0.087738
1778108408.079349,5.5,1.6583123951777,0.068937
1778108410.0585623,8.0,2.0,0.100272
1778108412.0860386,3.5,1.3228756555322954,0.043869
1778108414.0994976,5.5,1.6583123951777,0.068937
1778108416.1349568,6.5,1.8027756377319946,0.081471
1778108418.1422997,9.0,2.1213203435596424,0.112806
1778108420.1991816,6.5,1.8027756377319946,0.081471
1778108422.1965816,3.5,1.3228756555322954,0.043869
1778108424.2078152,6.0,1.7320508075688772,0.075204
1778108426.2303312,6.0,1.7320508075688772,0.075204
1778108428.2875257,4.5,1.5,0.056403
1778108430.2969284,9.5,2.179449471770337,0.119073
1778108432.3255918,6.0,1.7320508075688772,0.075204
1778108434.334068,10.0,2.23606797749979,0.12534
1778108436.3558578,8.0,2.0,0.100272
1778108438.3867564,7.5,1.9364916731037085,0.094005
1778108440.3947294,7.0,1.8708286933869707,0.087738
1778108442.4147563,6.5,1.8027756377319946,0.081471
1778108444.4476442,10.0,2.23606797749979,0.12534
1778108446.4697616,8.5,2.0615528128088303,0.106539
1778108448.476842,9.0,2.1213203435596424,0.112806
1778108450.5128,8.5,2.0615528128088303,0.106539
1778108452.539148,5.5,1.6583123951777,0.068937
1778108454.5467622,10.0,2.23606797749979,0.12534
1778108456.5946386,5.5,1.6583123951777,0.068937
1778108458.6012034,7.0,1.8708286933869707,0.087738
1778108460.6073782,9.0,2.1213203435596424,0.112806
1778108462.652326,8.5,2.0615528128088303,0.106539
1778108464.6597898,6.5,1.8027756377319946,0.081471
1778108466.6816206,10.0,2.23606797749979,0.12534
1778108468.7103112,9.0,2.1213203435596424,0.112806
1778108470.7255154,6.0,1.7320508075688772,0.075204
1778108472.7531168,7.0,1.8708286933869707,0.087738
1778108474.7518067,6.5,1.8027756377319946,0.081471
1778108476.806049,8.0,2.0,0.100272
1778108478.8134484,8.5,2.0615528128088303,0.106539
1778108480.8313797,7.5,1.9364916731037085,0.094005
1778108482.8677468,5.5,1.6583123951777,0.068937
1778108484.8754306,8.0,2.0,0.100272
1778108486.8964758,9.0,2.1213203435596424,0.112806
1778108488.925907,5.0,1.5811388300841898,0.06267
1778108490.957835,7.0,1.8708286933869707,0.087738
1778108492.9703894,5.0,1.5811388300841898,0.06267
1778108495.005812,5.0,1.5811388300841898,0.06267
1778108497.024081,6.5,1.8027756377319946,0.081471
1778108499.0322201,6.0,1.7320508075688772,0.075204
1778108501.0259364,10.5,2.29128784747792,0.131607
1778108503.088452,8.0,2.0,0.100272
1778108505.0959752,6.5,1.8027756377319946,0.081471
1778108507.1276128,5.0,1.5811388300841898,0.06267
1778108509.1373353,6.5,1.8027756377319946,0.081471
1778108511.1650028,7.0,1.8708286933869707,0.087738
1778108513.17724,8.5,2.0615528128088303,0.106539
1778108515.185234,8.5,2.0615528128088303,0.106539
1778108517.213947,10.0,2.23606797749979,0.12534
1778108519.2228007,4.5,1.5,0.056403
1778108521.242667,4.0,1.4142135623730951,0.050136
1778108523.2687862,7.0,1.8708286933869707,0.087738
1778108525.327097,8.0,2.0,0.100272
1778108527.3444924,6.0,1.7320508075688772,0.075204
1778108529.37506,5.5,1.6583123951777,0.068937
1778108531.3968685,7.0,1.8708286933869707,0.087738
1778108533.4034197,6.5,1.8027756377319946,0.081471
1778108535.3902295,5.5,1.6583123951777,0.068937
1778108537.458464,8.5,2.0615528128088303,0.106539
1778108539.4662485,9.0,2.1213203435596424,0.112806
1778108541.471195,8.0,2.0,0.100272
1778108543.4810164,8.0,2.0,0.100272
1778108545.5456061,7.5,1.9364916731037085,0.094005
1778108547.5690105,6.0,1.7320508075688772,0.075204
1778108549.5745142,9.0,2.1213203435596424,0.112806
1778108551.6002147,9.5,2.179449471770337,0.119073
1778108553.6080616,10.5,2.29128784747792,0.131607
1778108555.6170337,9.5,2.179449471770337,0.119073
1778108557.6557739,7.0,1.8708286933869707,0.087738
1778108559.666053,11.0,2.345207879911715,0.137874
1778108561.688091,7.5,1.9364916731037085,0.094005
1778108563.7251554,8.5,2.0615528128088303,0.106539
1778108565.741508,7.0,1.8708286933869707,0.087738
1778108567.7659419,8.5,2.0615528128088303,0.106539
1778108569.7948391,7.5,1.9364916731037085,0.094005
1778108571.8266563,8.5,2.0615528128088303,0.106539
1778108573.8341622,7.0,1.8708286933869707,0.087738
1778108575.878511,9.5,2.179449471770337,0.119073
1778108577.8906515,6.5,1.8027756377319946,0.081471
1778108579.899691,8.0,2.0,0.100272
1778108581.9396334,8.5,2.0615528128088303,0.106539
1778108583.9532442,6.5,1.8027756377319946,0.081471
1778108585.979227,6.5,1.8027756377319946,0.081471
1778108587.9891722,7.0,1.8708286933869707,0.087738
1778108589.995534,9.0,2.1213203435596424,0.112806
1778108592.021129,8.5,2.0615528128088303,0.106539
1778108594.0403545,10.0,2.23606797749979,0.12534
1778108596.0601337,7.5,1.9364916731037085,0.094005
1778108598.088549,8.5,2.0615528128088303,0.106539
1778108600.0932853,5.5,1.6583123951777,0.068937
1778108602.1170552,5.0,1.5811388300841898,0.06267
1778108604.1465046,6.5,1.8027756377319946,0.081471
1778108606.1733177,9.0,2.1213203435596424,0.112806
1778108608.179999,7.5,1.9364916731037085,0.094005
1778108610.2090693,11.5,2.3979157616563596,0.144141
1778108612.2257257,3.5,1.3228756555322954,0.043869
1778108614.2837596,8.5,2.0615528128088303,0.106539
1778108616.2903168,5.5,1.6583123951777,0.068937
1778108618.2970748,5.5,1.6583123951777,0.068937
1778108620.3564143,7.0,1.8708286933869707,0.087738
1778108622.332454,9.0,2.1213203435596424,0.112806
1778108624.3926594,10.0,2.23606797749979,0.12534
1778108626.4230034,7.0,1.8708286933869707,0.087738
1778108628.4056458,3.0,1.224744871391589,0.037602
1778108630.4633577,4.5,1.5,0.056403
1778108632.4844205,10.5,2.29128784747792,0.131607
1778108634.5152311,9.0,2.1213203435596424,0.112806
1778108636.5346959,10.0,2.23606797749979,0.12534
1778108638.5402236,9.5,2.179449471770337,0.119073
1778108640.5654457,9.0,2.1213203435596424,0.112806
1778108642.5811396,6.5,1.8027756377319946,0.081471
1778108644.5888498,10.0,2.23606797749979,0.12534
1778108646.6299713,8.0,2.0,0.100272
1778108648.63609,6.0,1.7320508075688772,0.075204
1778108650.6453168,6.5,1.8027756377319946,0.081471
1778108652.6721652,10.5,2.29128784747792,0.131607
1778108654.733322,6.5,1.8027756377319946,0.081471
1778108656.708034,7.5,1.9364916731037085,0.094005
1778108658.7682676,7.0,1.8708286933869707,0.087738
1778108660.7928994,5.5,1.6583123951777,0.068937
1778108662.7851262,6.5,1.8027756377319946,0.081471
1778108664.7989347,7.5,1.9364916731037085,0.094005
1778108666.8228805,7.0,1.8708286933869707,0.087738
1778108668.8494782,10.0,2.23606797749979,0.12534
1778108670.86603,10.5,2.29128784747792,0.131607
1778108672.9258513,9.0,2.1213203435596424,0.112806
1778108674.90632,7.5,1.9364916731037085,0.094005
1778108676.928672,7.5,1.9364916731037085,0.094005
1778108678.9883585,8.0,2.0,0.100272
1778108680.9767892,10.0,2.23606797749979,0.12534
1778108683.0370684,8.0,2.0,0.100272
1778108685.045499,5.5,1.6583123951777,0.068937
1778108687.0858996,4.5,1.5,0.056403
1778108689.0955763,6.5,1.8027756377319946,0.081471
1778108691.1192338,9.5,2.179449471770337,0.119073
1778108693.1495054,9.5,2.179449471770337,0.119073
1778108695.1578584,6.0,1.7320508075688772,0.075204
1778108697.1980662,7.5,1.9364916731037085,0.094005
1778108699.208784,5.5,1.6583123951777,0.068937
1778108701.2006874,6.5,1.8027756377319946,0.081471
1778108703.2066307,3.0,1.224744871391589,0.037602
1778108705.2648559,7.5,1.9364916731037085,0.094005
1778108707.2587852,7.0,1.8708286933869707,0.087738
1778108709.3191369,13.5,2.598076211353316,0.169209
1778108711.2924235,9.5,2.179449471770337,0.119073
1778108713.3520668,9.5,2.179449471770337,0.119073
1778108715.3598368,9.5,2.179449471770337,0.119073
1778108717.3813617,6.0,1.7320508075688772,0.075204
1778108719.3936527,4.5,1.5,0.056403
1778108721.4312623,12.5,2.5,0.156675
1778108723.4701595,13.0,2.5495097567963922,0.162942
1778108725.4903698,8.0,2.0,0.100272
1778108727.509513,9.5,2.179449471770337,0.119073
1778108729.4932194,5.5,1.6583123951777,0.068937
1778108731.5118198,6.0,1.7320508075688772,0.075204
1778108733.571528,8.5,2.0615528128088303,0.106539
1778108735.5530398,7.5,1.9364916731037085,0.094005
1778108737.619987,7.0,1.8708286933869707,0.087738
1778108739.6328003,10.5,2.29128784747792,0.131607
1778108741.626713,5.5,1.6583123951777,0.068937
1778108743.6402292,8.5,2.0615528128088303,0.106539
1778108745.7120655,8.0,2.0,0.100272
1778108747.691541,12.5,2.5,0.156675
1778108749.75375,6.5,1.8027756377319946,0.081471
1778108751.7330093,7.0,1.8708286933869707,0.087738
1778108753.7922726,9.0,2.1213203435596424,0.112806
1778108755.8123996,8.5,2.0615528128088303,0.106539
1778108757.8162215,8.5,2.0615528128088303,0.106539
1778108759.8259676,8.5,2.0615528128088303,0.106539
1778108761.8505247,8.5,2.0615528128088303,0.106539
1778108763.8790495,4.5,1.5,0.056403
1778108765.9009514,5.5,1.6583123951777,0.068937
1778108767.9093056,6.5,1.8027756377319946,0.081471
1778108769.9398744,6.0,1.7320508075688772,0.075204
1778108771.9554026,8.0,2.0,0.100272
1778108773.9641244,5.5,1.6583123951777,0.068937
1778108776.0068579,6.0,1.7320508075688772,0.075204
1778108778.0138433,7.0,1.8708286933869707,0.087738
1778108780.0698528,7.5,1.9364916731037085,0.094005
1778108782.0652635,6.5,1.8027756377319946,0.081471
1778108784.0722225,9.5,2.179449471770337,0.119073
1778108786.1013305,4.5,1.5,0.056403
1778108788.1368017,7.5,1.9364916731037085,0.094005
1778108790.1520894,5.0,1.5811388300841898,0.06267
1778108792.1715958,7.0,1.8708286933869707,0.087738
1778108794.2004855,10.0,2.23606797749979,0.12534
1778108796.2162547,6.5,1.8027756377319946,0.081471
1778108798.2246177,8.0,2.0,0.100272
1778108800.2510705,7.0,1.8708286933869707,0.087738
1778108802.2736053,4.0,1.4142135623730951,0.050136
1778108804.3339639,7.0,1.8708286933869707,0.087738
1778108806.3232222,8.5,2.0615528128088303,0.106539
1778108808.3335342,6.5,1.8027756377319946,0.081471
1778108810.3465528,8.0,2.0,0.100272
1778108812.3881474,9.0,2.1213203435596424,0.112806
1778108814.3968601,8.0,2.0,0.100272
1778108816.4312186,5.5,1.6583123951777,0.068937
1778108818.4653249,10.5,2.29128784747792,0.131607
1778108820.4710455,4.5,1.5,0.056403
1778108822.491388,5.5,1.6583123951777,0.068937
1778108824.519712,3.5,1.3228756555322954,0.043869
1778108826.537656,9.0,2.1213203435596424,0.112806
1778108828.5450673,6.5,1.8027756377319946,0.081471
1778108830.5718045,4.5,1.5,0.056403
1778108832.5964832,7.5,1.9364916731037085,0.094005
1778108834.6089613,5.0,1.5811388300841898,0.06267
1778108836.6682024,7.0,1.8708286933869707,0.087738
1778108838.6760426,7.0,1.8708286933869707,0.087738
1778108840.6934438,7.0,1.8708286933869707,0.087738
1778108842.7113206,7.5,1.9364916731037085,0.094005
1778108844.7225702,8.0,2.0,0.100272
1778108846.7635622,9.0,2.1213203435596424,0.112806
1778108848.799026,7.0,1.8708286933869707,0.087738
1778108850.8247843,10.0,2.23606797749979,0.12534
1778108852.8381515,3.5,1.3228756555322954,0.043869
1778108854.8172216,7.0,1.8708286933869707,0.087738
1778108856.8586388,6.0,1.7320508075688772,0.075204
1778108858.8658857,10.5,2.29128784747792,0.131607
1778108860.9061146,8.0,2.0,0.100272
1778108862.921446,8.0,2.0,0.100272
1778108864.929901,10.5,2.29128784747792,0.131607
1778108866.9668534,5.5,1.6583123951777,0.068937
1778108868.9735174,7.5,1.9364916731037085,0.094005
1778108870.9961698,7.5,1.9364916731037085,0.094005
1778108873.0087345,6.5,1.8027756377319946,0.081471
1778108875.0671463,8.0,2.0,0.100272
1778108877.0912473,11.5,2.3979157616563596,0.144141
1778108879.0985925,10.5,2.29128784747792,0.131607
1778108881.1167512,8.0,2.0,0.100272
1778108883.1442034,6.5,1.8027756377319946,0.081471
1778108885.1517837,8.0,2.0,0.100272
1778108887.1714575,11.0,2.345207879911715,0.137874
1778108889.2018833,10.5,2.29128784747792,0.131607
1778108891.2209501,8.5,2.0615528128088303,0.106539
1778108893.2308886,5.0,1.5811388300841898,0.06267
1778108895.2569022,8.5,2.0615528128088303,0.106539
1778108897.2757654,7.5,1.9364916731037085,0.094005
1778108899.3381412,8.0,2.0,0.100272
1778108901.338483,8.5,2.0615528128088303,0.106539
1778108903.3462017,8.5,2.0615528128088303,0.106539
1778108905.3567035,8.5,2.0615528128088303,0.106539
1778108907.383419,10.5,2.29128784747792,0.131607
1778108909.4430423,9.0,2.1213203435596424,0.112806
1778108911.464604,6.5,1.8027756377319946,0.081471
1778108913.4722245,5.5,1.6583123951777,0.068937
1778108915.4785452,9.5,2.179449471770337,0.119073
1778108917.5306227,9.0,2.1213203435596424,0.112806
1778108919.518596,11.5,2.3979157616563596,0.144141
1778108921.5369718,9.0,2.1213203435596424,0.112806
1778108923.5454426,9.0,2.1213203435596424,0.112806
1778108925.5774891,11.0,2.345207879911715,0.137874
1778108927.6022658,6.0,1.7320508075688772,0.075204
1778108929.6605418,5.5,1.6583123951777,0.068937
1778108931.647158,9.0,2.1213203435596424,0.112806
1778108933.6569762,8.0,2.0,0.100272
1778108935.7201328,11.0,2.345207879911715,0.137874
1778108937.7396655,5.5,1.6583123951777,0.068937
1778108939.7459948,9.0,2.1213203435596424,0.112806
1778108941.7812815,7.0,1.8708286933869707,0.087738
1778108943.7879534,6.0,1.7320508075688772,0.075204
1778108945.8081932,7.5,1.9364916731037085,0.094005
1778108947.838589,7.0,1.8708286933869707,0.087738
1778108949.845234,8.5,2.0615528128088303,0.106539
1778108951.865089,9.0,2.1213203435596424,0.112806
1778108953.893411,10.5,2.29128784747792,0.131607
1778108955.908982,9.5,2.179449471770337,0.119073
1778108957.9212039,9.0,2.1213203435596424,0.112806
1778108959.9490337,10.0,2.23606797749979,0.12534
1778108961.974438,7.5,1.9364916731037085,0.094005
1778108963.9850223,6.0,1.7320508075688772,0.075204
1778108966.0451577,12.0,2.449489742783178,0.150408
1778108968.0549192,8.5,2.0615528128088303,0.106539
1778108970.0626385,4.5,1.5,0.056403
1778108972.0904877,9.0,2.1213203435596424,0.112806
1778108974.0997868,9.5,2.179449471770337,0.119073
1778108976.1142597,4.5,1.5,0.056403
1778108978.1479669,6.5,1.8027756377319946,0.081471
1778108980.1535952,6.5,1.8027756377319946,0.081471
1778108982.1780927,7.5,1.9364916731037085,0.094005
1778108984.2059515,6.5,1.8027756377319946,0.081471
1778108986.2272623,6.5,1.8027756377319946,0.081471
1778108988.244315,5.5,1.6583123951777,0.068937
1778108990.274691,8.0,2.0,0.100272
1778108992.2929375,4.0,1.4142135623730951,0.050136
1778108994.3556907,6.5,1.8027756377319946,0.081471
1778108996.3440878,7.5,1.9364916731037085,0.094005
1778108998.3505733,3.0,1.224744871391589,0.037602
1778109000.4066014,6.5,1.8027756377319946,0.081471
1778109002.4385197,8.0,2.0,0.100272
1778109004.448786,6.0,1.7320508075688772,0.075204
1778109006.4754014,9.5,2.179449471770337,0.119073
1778109008.482733,7.0,1.8708286933869707,0.087738
1778109010.4886892,7.5,1.9364916731037085,0.094005
1778109012.5209985,12.0,2.449489742783178,0.150408
1778109014.5273905,5.0,1.5811388300841898,0.06267
1778109016.545616,7.5,1.9364916731037085,0.094005
1778109018.5752041,9.5,2.179449471770337,0.119073
1778109020.6332676,8.0,2.0,0.100272
1778109022.6582496,8.5,2.0615528128088303,0.106539
1778109024.6374254,9.0,2.1213203435596424,0.112806
1778109026.7065558,6.5,1.8027756377319946,0.081471
1778109028.7129717,7.5,1.9364916731037085,0.094005
1778109030.7520528,6.5,1.8027756377319946,0.081471
1778109032.7678058,5.5,1.6583123951777,0.068937
1778109034.781868,6.0,1.7320508075688772,0.075204
1778109036.7786536,4.5,1.5,0.056403
1778109038.7877467,6.5,1.8027756377319946,0.081471
1778109040.8634107,6.5,1.8027756377319946,0.081471
1778109042.8757596,5.0,1.5811388300841898,0.06267
1778109044.8827097,6.5,1.8027756377319946,0.081471
1778109046.9106863,5.0,1.5811388300841898,0.06267
1778109048.9173975,10.5,2.29128784747792,0.131607
1778109050.9411607,9.5,2.179449471770337,0.119073
1778109052.9720654,7.5,1.9364916731037085,0.094005
1778109054.9860065,7.5,1.9364916731037085,0.094005
1778109057.0077224,4.5,1.5,0.056403
1778109059.0357504,7.0,1.8708286933869707,0.087738
1778109061.05768,7.5,1.9364916731037085,0.094005
1778109063.0680017,6.0,1.7320508075688772,0.075204
1778109065.0999966,4.0,1.4142135623730951,0.050136
1778109067.121725,7.0,1.8708286933869707,0.087738
1778109069.1285114,7.5,1.9364916731037085,0.094005
1778109071.1733,8.0,2.0,0.100272
1778109073.184138,5.0,1.5811388300841898,0.06267
1778109075.1932042,6.0,1.7320508075688772,0.075204
1778109077.221524,4.0,1.4142135623730951,0.050136
1778109079.2344377,6.5,1.8027756377319946,0.081471
1778109081.2593408,7.5,1.9364916731037085,0.094005
1778109083.2664967,9.5,2.179449471770337,0.119073
1778109085.3245628,6.0,1.7320508075688772,0.075204
1778109087.3461297,2.5,1.118033988749895,0.031335
1778109089.3542213,3.5,1.3228756555322954,0.043869
1778109091.3862703,5.5,1.6583123951777,0.068937
1778109093.370987,9.5,2.179449471770337,0.119073
1778109095.4325554,5.5,1.6583123951777,0.068937
1778109097.4570441,7.5,1.9364916731037085,0.094005
1778109099.4602928,6.0,1.7320508075688772,0.075204
1778109101.4587672,6.0,1.7320508075688772,0.075204
1778109103.5211627,5.5,1.6583123951777,0.068937
1778109105.52821,4.5,1.5,0.056403
1778109107.5645046,10.0,2.23606797749979,0.12534
1778109109.5758467,4.0,1.4142135623730951,0.050136
1778109111.6002874,10.5,2.29128784747792,0.131607
1778109113.6070046,5.0,1.5811388300841898,0.06267
1778109115.6181073,5.0,1.5811388300841898,0.06267
1778109117.6399677,5.5,1.6583123951777,0.068937
1778109119.6475077,11.5,2.3979157616563596,0.144141
1778109121.6792545,6.5,1.8027756377319946,0.081471
1778109123.711637,4.5,1.5,0.056403
1778109125.723039,5.5,1.6583123951777,0.068937
1778109127.7442322,7.5,1.9364916731037085,0.094005
1778109129.7749035,6.5,1.8027756377319946,0.081471
1778109131.7985473,9.0,2.1213203435596424,0.112806
1778109133.8087468,4.0,1.4142135623730951,0.050136
1778109135.8554623,4.5,1.5,0.056403
1778109137.8661523,4.5,1.5,0.056403
1778109139.8793,5.5,1.6583123951777,0.068937
1778109141.9230943,6.0,1.7320508075688772,0.075204
1778109143.930839,7.0,1.8708286933869707,0.087738
1778109145.9566998,7.5,1.9364916731037085,0.094005
1778109147.9391108,7.0,1.8708286933869707,0.087738
1778109149.9973195,9.5,2.179449471770337,0.119073
1778109152.0174055,8.0,2.0,0.100272
1778109154.0483336,6.5,1.8027756377319946,0.081471
1778109156.0690958,6.0,1.7320508075688772,0.075204
1778109158.079696,6.0,1.7320508075688772,0.075204
1778109160.1070595,5.0,1.5811388300841898,0.06267
1778109162.124508,7.5,1.9364916731037085,0.094005
1778109164.1300945,4.5,1.5,0.056403
1778109166.1674416,8.0,2.0,0.100272
1778109168.1744072,6.0,1.7320508075688772,0.075204
1778109170.1791568,3.5,1.3228756555322954,0.043869
1778109172.2056632,8.5,2.0615528128088303,0.106539
1778109174.216649,9.0,2.1213203435596424,0.112806
1778109176.246426,8.0,2.0,0.100272
1778109178.2573488,3.5,1.3228756555322954,0.043869
1778109180.317424,4.5,1.5,0.056403
1778109182.2972007,5.0,1.5811388300841898,0.06267
1778109184.3544776,7.0,1.8708286933869707,0.087738
1778109186.3731134,5.0,1.5811388300841898,0.06267
1778109188.4034746,3.5,1.3228756555322954,0.043869
1778109190.4118488,6.5,1.8027756377319946,0.081471
1778109192.430677,5.5,1.6583123951777,0.068937
1778109194.4291992,5.5,1.6583123951777,0.068937
1778109196.4707243,4.0,1.4142135623730951,0.050136
1778109198.4792895,4.0,1.4142135623730951,0.050136
1778109200.5386593,9.5,2.179449471770337,0.119073
1778109202.5179958,5.0,1.5811388300841898,0.06267
1778109204.575339,8.0,2.0,0.100272
1778109206.6007252,5.0,1.5811388300841898,0.06267
1778109208.6074493,9.0,2.1213203435596424,0.112806
1778109210.6125755,9.5,2.179449471770337,0.119073
1778109212.6506252,8.5,2.0615528128088303,0.106539
1778109214.6599643,7.0,1.8708286933869707,0.087738
1778109216.6828198,6.0,1.7320508075688772,0.075204
1778109218.713178,6.0,1.7320508075688772,0.075204
1778109220.7338917,5.0,1.5811388300841898,0.06267
1778109222.7520554,7.0,1.8708286933869707,0.087738
1778109224.8010783,3.5,1.3228756555322954,0.043869
1778109226.7999392,9.5,2.179449471770337,0.119073
1778109228.809942,6.0,1.7320508075688772,0.075204
1778109230.8404558,6.5,1.8027756377319946,0.081471
1778109232.860546,7.0,1.8708286933869707,0.087738
1778109234.8667116,4.5,1.5,0.056403
1778109236.891235,7.5,1.9364916731037085,0.094005
1778109238.900003,2.5,1.118033988749895,0.031335
1778109240.967643,8.5,2.0615528128088303,0.106539
1778109242.9510717,9.0,2.1213203435596424,0.112806
1778109245.0099783,7.5,1.9364916731037085,0.094005
1778109246.9830012,4.5,1.5,0.056403
1778109249.0109866,7.0,1.8708286933869707,0.087738
1778109251.0355678,7.5,1.9364916731037085,0.094005
1778109253.046451,5.5,1.6583123951777,0.068937
1778109255.0788484,7.0,1.8708286933869707,0.087738
1778109257.094339,6.5,1.8027756377319946,0.081471
1778109259.1056051,4.0,1.4142135623730951,0.050136
1778109261.1486037,7.5,1.9364916731037085,0.094005
1778109263.158066,8.5,2.0615528128088303,0.106539
1778109265.2170591,10.5,2.29128784747792,0.131607
1778109267.2097242,7.0,1.8708286933869707,0.087738
1778109269.217353,5.5,1.6583123951777,0.068937
1778109271.2401798,8.5,2.0615528128088303,0.106539
1778109273.2987695,8.0,2.0,0.100272
1778109275.3072193,5.5,1.6583123951777,0.068937
1778109277.3310447,9.0,2.1213203435596424,0.112806
1778109279.3382366,8.5,2.0615528128088303,0.106539
1778109281.3703167,5.0,1.5811388300841898,0.06267
1778109283.4047313,4.5,1.5,0.056403
1778109285.4097717,5.0,1.5811388300841898,0.06267
1778109287.4273999,8.5,2.0615528128088303,0.106539
1778109289.4545152,6.0,1.7320508075688772,0.075204
1778109291.4709976,6.5,1.8027756377319946,0.081471
1778109293.4788723,9.5,2.179449471770337,0.119073
1778109295.5237792,4.5,1.5,0.056403
1778109297.5467625,9.0,2.1213203435596424,0.112806
1778109299.5543616,5.5,1.6583123951777,0.068937
1778109301.6030574,6.5,1.8027756377319946,0.081471
1778109303.610575,6.0,1.7320508075688772,0.075204
1778109305.6189158,8.0,2.0,0.100272
1778109307.6403844,3.5,1.3228756555322954,0.043869
1778109309.647483,8.5,2.0615528128088303,0.106539
1778109311.676805,7.0,1.8708286933869707,0.087738
1778109313.6894283,6.5,1.8027756377319946,0.081471
1778109315.7588706,9.5,2.179449471770337,0.119073
1778109317.7434938,9.0,2.1213203435596424,0.112806
1778109319.753673,6.0,1.7320508075688772,0.075204
1778109321.7857213,6.5,1.8027756377319946,0.081471
1778109323.8157783,10.5,2.29128784747792,0.131607
1778109325.834252,9.0,2.1213203435596424,0.112806
1778109327.8438199,7.5,1.9364916731037085,0.094005
1778109329.8737123,6.5,1.8027756377319946,0.081471
1778109331.894303,9.0,2.1213203435596424,0.112806
1778109333.900554,9.0,2.1213203435596424,0.112806
1778109335.9381511,4.5,1.5,0.056403
1778109337.9467933,8.0,2.0,0.100272
1778109340.0044444,8.0,2.0,0.100272
1778109342.006137,5.5,1.6583123951777,0.068937
1778109344.0139508,8.5,2.0615528128088303,0.106539
1778109346.036712,9.5,2.179449471770337,0.119073
1778109348.0963848,5.5,1.6583123951777,0.068937
1778109350.1025114,11.0,2.345207879911715,0.137874
1778109352.1281004,8.0,2.0,0.100272
1778109354.1361861,11.0,2.345207879911715,0.137874
1778109356.1662931,10.0,2.23606797749979,0.12534
1778109358.149909,5.0,1.5811388300841898,0.06267
1778109360.2068124,10.5,2.29128784747792,0.131607
1778109362.2250323,8.5,2.0615528128088303,0.106539
1778109364.2130914,10.5,2.29128784747792,0.131607
1778109366.234417,5.0,1.5811388300841898,0.06267
1778109368.2915347,6.0,1.7320508075688772,0.075204
1778109370.3205383,7.0,1.8708286933869707,0.087738
1778109372.341794,10.0,2.23606797749979,0.12534
1778109374.3493683,8.0,2.0,0.100272
1778109376.3481023,9.0,2.1213203435596424,0.112806
1778109378.4048193,7.5,1.9364916731037085,0.094005
1778109380.4152765,7.5,1.9364916731037085,0.094005
1778109382.4418604,7.0,1.8708286933869707,0.087738
1778109384.4502985,7.5,1.9364916731037085,0.094005
1778109386.481817,8.0,2.0,0.100272
1778109388.4892604,7.0,1.8708286933869707,0.087738
1778109390.49599,7.0,1.8708286933869707,0.087738
1778109392.5321271,6.0,1.7320508075688772,0.075204
1778109394.5424595,7.0,1.8708286933869707,0.087738
1778109396.562665,8.0,2.0,0.100272
1778109398.6019628,8.5,2.0615528128088303,0.106539
1778109400.6158617,7.0,1.8708286933869707,0.087738
1778109402.6451452,7.0,1.8708286933869707,0.087738
1778109404.6738186,10.5,2.29128784747792,0.131607
1778109406.6922219,7.5,1.9364916731037085,0.094005
1778109408.7015157,7.0,1.8708286933869707,0.087738
1778109410.738124,8.5,2.0615528128088303,0.106539
1778109412.7508745,8.0,2.0,0.100272
1778109414.7588649,9.0,2.1213203435596424,0.112806
1778109416.802097,8.5,2.0615528128088303,0.106539
1778109418.8151813,9.5,2.179449471770337,0.119073
1778109420.8340693,8.5,2.0615528128088303,0.106539
1778109422.8642688,10.0,2.23606797749979,0.12534
1778109424.8722544,7.0,1.8708286933869707,0.087738
1778109426.8924606,8.0,2.0,0.100272
1778109428.9023068,9.0,2.1213203435596424,0.112806
1778109430.9221466,7.5,1.9364916731037085,0.094005
1778109432.9547055,4.5,1.5,0.056403
1778109434.9682894,7.5,1.9364916731037085,0.094005
1778109436.9883502,10.5,2.29128784747792,0.131607
1778109439.0171993,7.5,1.9364916731037085,0.094005
1778109441.037157,7.5,1.9364916731037085,0.094005
1778109443.0433896,6.5,1.8027756377319946,0.081471
1778109445.0689688,4.5,1.5,0.056403
1778109447.086075,7.5,1.9364916731037085,0.094005
1778109449.1442313,3.5,1.3228756555322954,0.043869
1778109451.1379485,4.0,1.4142135623730951,0.050136
1778109453.1448681,5.5,1.6583123951777,0.068937
1778109455.2020793,7.0,1.8708286933869707,0.087738
1778109457.1885695,7.0,1.8708286933869707,0.087738
1778109459.2459192,4.5,1.5,0.056403
1778109461.2694705,7.0,1.8708286933869707,0.087738
1778109463.2763608,9.0,2.1213203435596424,0.112806
1778109465.2927659,3.5,1.3228756555322954,0.043869
1778109467.3225567,5.0,1.5811388300841898,0.06267
1778109469.3328903,4.5,1.5,0.056403
1778109471.3566074,7.5,1.9364916731037085,0.094005
1778109473.3873858,5.5,1.6583123951777,0.068937
1778109475.3967693,5.5,1.6583123951777,0.068937
1778109477.4209447,8.5,2.0615528128088303,0.106539
1778109479.4485345,5.5,1.6583123951777,0.068937
1778109481.4702344,5.0,1.5811388300841898,0.06267
1778109483.4777913,4.5,1.5,0.056403
1778109485.5114434,9.0,2.1213203435596424,0.112806
1778109487.5345094,9.5,2.179449471770337,0.119073
1778109489.5451906,5.5,1.6583123951777,0.068937
1778109491.5895312,8.0,2.0,0.100272
1778109493.5965354,5.5,1.6583123951777,0.068937
1778109495.6047542,9.5,2.179449471770337,0.119073
1778109497.6352508,7.0,1.8708286933869707,0.087738
1778109499.6502197,8.5,2.0615528128088303,0.106539
1778109501.6782258,6.0,1.7320508075688772,0.075204
1778109503.6856937,9.5,2.179449471770337,0.119073
1778109505.7480867,7.0,1.8708286933869707,0.087738
1778109507.7573705,7.0,1.8708286933869707,0.087738
1778109509.7449288,6.0,1.7320508075688772,0.075204
1778109511.7698252,4.5,1.5,0.056403
1778109513.7767265,8.0,2.0,0.100272
1778109515.8178663,5.5,1.6583123951777,0.068937
1778109517.8334858,7.0,1.8708286933869707,0.087738
1778109519.8429682,7.0,1.8708286933869707,0.087738
1778109521.8798466,6.0,1.7320508075688772,0.075204
1778109523.889853,7.5,1.9364916731037085,0.094005
1778109525.9090495,5.0,1.5811388300841898,0.06267
1778109527.9719815,5.5,1.6583123951777,0.068937
1778109529.9798377,3.5,1.3228756555322954,0.043869
1778109532.0026271,12.5,2.5,0.156675
1778109534.0129428,5.0,1.5811388300841898,0.06267
1778109536.0314553,9.0,2.1213203435596424,0.112806
1778109538.068304,5.0,1.5811388300841898,0.06267
1778109540.0800784,7.0,1.8708286933869707,0.087738
1778109542.1014059,3.5,1.3228756555322954,0.043869
1778109544.1316967,6.5,1.8027756377319946,0.081471
1778109546.150147,5.0,1.5811388300841898,0.06267
1778109548.161318,8.0,2.0,0.100272
1778109550.1924734,6.5,1.8027756377319946,0.081471
1778109552.2136712,5.0,1.5811388300841898,0.06267
1778109554.2199752,4.5,1.5,0.056403
1778109556.2665806,7.5,1.9364916731037085,0.094005
1778109558.275719,4.0,1.4142135623730951,0.050136
1778109560.2819602,5.5,1.6583123951777,0.068937
1778109562.3170655,4.0,1.4142135623730951,0.050136
1778109564.3235252,3.5,1.3228756555322954,0.043869
1778109566.3466516,8.0,2.0,0.100272
1778109568.355046,7.0,1.8708286933869707,0.087738
1778109570.4182887,7.0,1.8708286933869707,0.087738
1778109572.443134,6.0,1.7320508075688772,0.075204
1778109574.4484293,7.5,1.9364916731037085,0.094005
1778109576.4942758,6.5,1.8027756377319946,0.081471
1778109578.47817,6.0,1.7320508075688772,0.075204
1778109580.4838307,5.5,1.6583123951777,0.068937
1778109582.551634,5.0,1.5811388300841898,0.06267
1778109584.5277562,8.0,2.0,0.100272
1778109586.599171,7.5,1.9364916731037085,0.094005
1778109588.6090004,6.0,1.7320508075688772,0.075204
1778109590.643944,10.5,2.29128784747792,0.131607
1778109592.6613133,5.0,1.5811388300841898,0.06267
1778109594.6713972,7.0,1.8708286933869707,0.087738
1778109596.664219,5.5,1.6583123951777,0.068937
1778109598.6787357,8.0,2.0,0.100272
1778109600.7490582,8.5,2.0615528128088303,0.106539
1778109602.7260263,7.5,1.9364916731037085,0.094005
1778109604.7853951,6.0,1.7320508075688772,0.075204
1778109606.7668028,4.5,1.5,0.056403
1778109608.825811,4.0,1.4142135623730951,0.050136
1778109610.8460062,4.0,1.4142135623730951,0.050136
1778109612.8330383,5.5,1.6583123951777,0.068937
1778109614.8914225,6.5,1.8027756377319946,0.081471
1778109616.9146152,3.0,1.224744871391589,0.037602
1778109618.9430866,5.0,1.5811388300841898,0.06267
1778109620.96046,6.5,1.8027756377319946,0.081471
1778109622.9674087,9.0,2.1213203435596424,0.112806
1778109624.994404,7.0,1.8708286933869707,0.087738
1778109627.0194392,9.0,2.1213203435596424,0.112806
1778109629.0277712,4.0,1.4142135623730951,0.050136
1778109631.0731392,5.5,1.6583123951777,0.068937
1778109633.0827336,8.0,2.0,0.100272
1778109635.089927,4.5,1.5,0.056403
1778109637.1325037,4.5,1.5,0.056403
1778109639.1398282,4.5,1.5,0.056403
1778109641.1735096,7.5,1.9364916731037085,0.094005
1778109643.1812348,5.0,1.5811388300841898,0.06267
1778109645.185478,3.5,1.3228756555322954,0.043869
1778109647.2144463,5.0,1.5811388300841898,0.06267
1778109649.2240515,6.5,1.8027756377319946,0.081471
1778109651.295091,4.0,1.4142135623730951,0.050136
1778109653.271618,3.0,1.224744871391589,0.037602
1778109655.3288105,7.5,1.9364916731037085,0.094005
1778109657.347114,9.0,2.1213203435596424,0.112806
1778109659.3658466,8.0,2.0,0.100272
1778109661.3874574,9.5,2.179449471770337,0.119073
1778109663.4187124,4.0,1.4142135623730951,0.050136
1778109665.4030056,5.5,1.6583123951777,0.068937
1778109667.4251986,5.0,1.5811388300841898,0.06267
1778109669.482739,10.5,2.29128784747792,0.131607
1778109671.473469,6.5,1.8027756377319946,0.081471
1778109673.5299416,8.0,2.0,0.100272
1778109675.535161,7.0,1.8708286933869707,0.087738
1778109677.5529375,6.5,1.8027756377319946,0.081471
1778109679.558557,7.0,1.8708286933869707,0.087738
1778109681.589785,3.5,1.3228756555322954,0.043869
1778109683.6001978,7.5,1.9364916731037085,0.094005
1778109685.6595347,10.5,2.29128784747792,0.131607
1778109687.6504965,10.5,2.29128784747792,0.131607
1778109689.7074842,8.5,2.0615528128088303,0.106539
1778109691.7307043,4.5,1.5,0.056403
1778109693.7132578,5.0,1.5811388300841898,0.06267
1778109695.7817867,8.5,2.0615528128088303,0.106539
1778109697.7955785,7.0,1.8708286933869707,0.087738
1778109699.7726908,7.0,1.8708286933869707,0.087738
1778109701.7925498,7.0,1.8708286933869707,0.087738
1778109703.8528197,6.0,1.7320508075688772,0.075204
1778109705.83875,5.0,1.5811388300841898,0.06267
1778109707.9023721,6.5,1.8027756377319946,0.081471
1778109709.9120767,9.5,2.179449471770337,0.119073
1778109711.8956037,6.0,1.7320508075688772,0.075204
1778109713.9567184,10.0,2.23606797749979,0.12534
1778109715.9859688,11.0,2.345207879911715,0.137874
1778109717.9951532,10.0,2.23606797749979,0.12534
1778109720.00578,10.0,2.23606797749979,0.12534
1778109722.034843,8.0,2.0,0.100272
1778109724.0411766,7.0,1.8708286933869707,0.087738
1778109726.0615969,7.5,1.9364916731037085,0.094005
1778109728.0897536,6.5,1.8027756377319946,0.081471
1778109730.0940413,9.0,2.1213203435596424,0.112806
1778109732.1138442,7.0,1.8708286933869707,0.087738
1778109734.142587,8.0,2.0,0.100272
1778109736.1621954,9.5,2.179449471770337,0.119073
1778109738.1693664,8.5,2.0615528128088303,0.106539
1778109740.2006931,7.5,1.9364916731037085,0.094005
1778109742.2216675,7.0,1.8708286933869707,0.087738
1778109744.2809787,8.5,2.0615528128088303,0.106539
1778109746.2865667,8.0,2.0,0.100272
1778109748.294707,6.5,1.8027756377319946,0.081471
1778109750.3082652,6.5,1.8027756377319946,0.081471
1778109752.3378894,10.0,2.23606797749979,0.12534
1778109754.343001,9.5,2.179449471770337,0.119073
1778109756.3774161,7.5,1.9364916731037085,0.094005
1778109758.4109952,5.0,1.5811388300841898,0.06267
1778109760.416488,14.0,2.6457513110645907,0.175476
1778109762.4400191,7.0,1.8708286933869707,0.087738
1778109764.4874082,5.0,1.5811388300841898,0.06267
1778109766.479845,6.5,1.8027756377319946,0.081471
1778109768.539321,7.5,1.9364916731037085,0.094005
1778109770.54879,10.0,2.23606797749979,0.12534
1778109772.5710366,11.0,2.345207879911715,0.137874
1778109774.578384,7.0,1.8708286933869707,0.087738
1778109776.6040235,8.0,2.0,0.100272
1778109778.6163676,5.5,1.6583123951777,0.068937
1778109780.6381178,7.0,1.8708286933869707,0.087738
1778109782.6748226,6.5,1.8027756377319946,0.081471
1778109784.6816754,9.0,2.1213203435596424,0.112806
1778109786.6990473,7.0,1.8708286933869707,0.087738
1778109788.7269044,7.0,1.8708286933869707,0.087738
1778109790.741657,8.0,2.0,0.100272
1778109792.7539182,7.0,1.8708286933869707,0.087738
1778109794.780716,7.5,1.9364916731037085,0.094005
1778109796.8027449,8.5,2.0615528128088303,0.106539
1778109798.8126464,12.5,2.5,0.156675
1778109800.8696444,9.5,2.179449471770337,0.119073
1778109802.8949878,8.5,2.0615528128088303,0.106539
1778109804.909193,4.5,1.5,0.056403
1778109806.9390056,6.5,1.8027756377319946,0.081471
1778109808.94667,10.5,2.29128784747792,0.131607
1778109810.985168,8.0,2.0,0.100272
1778109812.9678385,9.5,2.179449471770337,0.119073
1778109815.0258813,12.5,2.5,0.156675
1778109817.0464547,11.0,2.345207879911715,0.137874
1778109819.0238163,8.0,2.0,0.100272
1778109821.093454,7.0,1.8708286933869707,0.087738
1778109823.1032758,8.0,2.0,0.100272
1778109825.0859246,2.0,1.0,0.025068
1778109827.157423,9.5,2.179449471770337,0.119073
1778109829.165453,7.0,1.8708286933869707,0.087738
1778109831.1535606,7.0,1.8708286933869707,0.087738
1778109833.211205,4.0,1.4142135623730951,0.050136
1778109835.2178917,6.5,1.8027756377319946,0.081471
1778109837.2535503,8.5,2.0615528128088303,0.106539
1778109839.265516,6.5,1.8027756377319946,0.081471
1778109841.3016593,11.0,2.345207879911715,0.137874
1778109843.2846792,10.0,2.23606797749979,0.12534
1778109845.345445,5.5,1.6583123951777,0.068937
1778109847.319079,7.0,1.8708286933869707,0.087738
1778109849.351016,6.0,1.7320508075688772,0.075204
1778109851.3707373,9.0,2.1213203435596424,0.112806
1778109853.3777566,14.5,2.692582403567252,0.181743
1778109855.4043043,3.5,1.3228756555322954,0.043869
1778109857.422243,4.5,1.5,0.056403
1778109859.4795058,11.0,2.345207879911715,0.137874
1778109861.4717734,5.5,1.6583123951777,0.068937
1778109863.4832978,5.0,1.5811388300841898,0.06267
1778109865.5419192,8.5,2.0615528128088303,0.106539
1778109867.567474,7.0,1.8708286933869707,0.087738
1778109869.5745444,5.5,1.6583123951777,0.068937
1778109871.607247,10.5,2.29128784747792,0.131607
1778109873.6191633,8.5,2.0615528128088303,0.106539
1778109875.627177,8.5,2.0615528128088303,0.106539
1778109877.6773493,8.0,2.0,0.100272
1778109879.6825714,7.0,1.8708286933869707,0.087738
1778109881.695652,8.5,2.0615528128088303,0.106539
1778109883.7280576,9.0,2.1213203435596424,0.112806
1778109885.7409403,9.5,2.179449471770337,0.119073
1778109887.7588885,7.0,1.8708286933869707,0.087738
1778109889.7880433,6.0,1.7320508075688772,0.075204
1778109891.818425,6.0,1.7320508075688772,0.075204
1778109893.8262203,5.0,1.5811388300841898,0.06267
1778109895.87209,9.0,2.1213203435596424,0.112806
1778109897.89073,5.0,1.5811388300841898,0.06267
1778109899.9121385,5.5,1.6583123951777,0.068937
1778109901.9039378,8.0,2.0,0.100272
1778109903.911786,8.0,2.0,0.100272
1778109905.935777,9.0,2.1213203435596424,0.112806
1778109907.9845662,4.5,1.5,0.056403
1778109910.0152476,9.0,2.1213203435596424,0.112806
1778109912.038356,8.0,2.0,0.100272
1778109914.0433347,5.5,1.6583123951777,0.068937
1778109916.0740778,9.5,2.179449471770337,0.119073
1778109918.0924861,9.5,2.179449471770337,0.119073
1778109920.0996819,5.5,1.6583123951777,0.068937
1778109922.131674,8.0,2.0,0.100272
1778109924.144887,8.0,2.0,0.100272
1778109926.1823583,10.0,2.23606797749979,0.12534
1778109928.1663134,7.5,1.9364916731037085,0.094005
1778109930.2231166,10.0,2.23606797749979,0.12534
1778109932.238337,5.5,1.6583123951777,0.068937
1778109934.2715986,7.5,1.9364916731037085,0.094005
1778109936.2426832,6.0,1.7320508075688772,0.075204
1778109938.3010476,9.5,2.179449471770337,0.119073
1778109940.3272953,9.5,2.179449471770337,0.119073
1778109942.342659,6.0,1.7320508075688772,0.075204
1778109944.35568,7.5,1.9364916731037085,0.094005
1778109946.3944693,5.5,1.6583123951777,0.068937
1778109948.4029264,7.5,1.9364916731037085,0.094005
1778109950.4098785,8.0,2.0,0.100272
1778109952.4444592,8.5,2.0615528128088303,0.106539
1778109954.450283,6.0,1.7320508075688772,0.075204
1778109956.4880404,6.5,1.8027756377319946,0.081471
1778109958.4826348,8.5,2.0615528128088303,0.106539
1778109960.4991708,9.5,2.179449471770337,0.119073
1778109962.5194616,7.5,1.9364916731037085,0.094005
1778109964.5484257,4.5,1.5,0.056403
1778109966.56836,7.0,1.8708286933869707,0.087738
1778109968.576282,7.5,1.9364916731037085,0.094005
1778109970.6332908,9.5,2.179449471770337,0.119073
1778109972.665422,7.5,1.9364916731037085,0.094005
1778109974.6718247,7.5,1.9364916731037085,0.094005
1778109976.7014322,6.0,1.7320508075688772,0.075204
1778109978.7090664,6.0,1.7320508075688772,0.075204
1778109980.7179935,6.0,1.7320508075688772,0.075204
1778109982.7377641,6.5,1.8027756377319946,0.081471
1778109984.7441082,6.5,1.8027756377319946,0.081471
1778109986.7728992,9.0,2.1213203435596424,0.112806
1778109988.7835534,7.5,1.9364916731037085,0.094005
1778109990.8527186,8.0,2.0,0.100272
1778109992.8355415,10.5,2.29128784747792,0.131607
1778109994.8961887,5.0,1.5811388300841898,0.06267
1778109996.9124193,7.5,1.9364916731037085,0.094005
1778109998.8990407,4.5,1.5,0.056403
1778110000.9187121,6.5,1.8027756377319946,0.081471
1778110002.9313066,6.0,1.7320508075688772,0.075204
1778110004.9578512,12.5,2.5,0.156675
1778110006.98252,8.0,2.0,0.100272
1778110009.0457633,6.5,1.8027756377319946,0.081471
1778110011.0498533,8.5,2.0615528128088303,0.106539
1778110013.060675,5.5,1.6583123951777,0.068937
1778110015.0659907,8.0,2.0,0.100272
1778110017.0957298,10.0,2.23606797749979,0.12534
1778110019.104294,8.5,2.0615528128088303,0.106539
1778110021.1267915,5.0,1.5811388300841898,0.06267
1778110023.138432,9.0,2.1213203435596424,0.112806
1778110025.1979027,5.5,1.6583123951777,0.068937
1778110027.225968,9.0,2.1213203435596424,0.112806
1778110029.232933,5.5,1.6583123951777,0.068937
1778110031.2544427,6.5,1.8027756377319946,0.081471
1778110033.280449,6.0,1.7320508075688772,0.075204
1778110035.2867608,7.0,1.8708286933869707,0.087738
1778110037.3037386,5.5,1.6583123951777,0.068937
1778110039.3305776,10.5,2.29128784747792,0.131607
1778110041.3497527,6.5,1.8027756377319946,0.081471
1778110043.3561945,8.5,2.0615528128088303,0.106539
1778110045.4026546,7.0,1.8708286933869707,0.087738
1778110047.4344218,11.5,2.3979157616563596,0.144141
1778110049.4419103,8.0,2.0,0.100272
1778110051.4697802,10.5,2.29128784747792,0.131607
1778110053.4774532,12.5,2.5,0.156675
1778110055.4851456,7.5,1.9364916731037085,0.094005
1778110057.528363,6.0,1.7320508075688772,0.075204
1778110059.537997,5.0,1.5811388300841898,0.06267
1778110061.5566607,7.5,1.9364916731037085,0.094005
1778110063.5837166,7.0,1.8708286933869707,0.087738
1778110065.591949,9.0,2.1213203435596424,0.112806
1778110067.6082635,10.0,2.23606797749979,0.12534
1778110069.635773,9.5,2.179449471770337,0.119073
1778110071.650499,9.5,2.179449471770337,0.119073
1778110073.7091622,7.0,1.8708286933869707,0.087738
1778110075.694105,8.0,2.0,0.100272
1778110077.7091007,8.0,2.0,0.100272
1778110079.7682052,10.5,2.29128784747792,0.131607
1778110081.7594538,5.0,1.5811388300841898,0.06267
1778110083.8165095,12.0,2.449489742783178,0.150408
1778110085.8341255,8.5,2.0615528128088303,0.106539
1778110087.8528562,8.5,2.0615528128088303,0.106539
1778110089.861964,8.5,2.0615528128088303,0.106539
1778110091.8884802,9.5,2.179449471770337,0.119073
1778110093.8936465,8.5,2.0615528128088303,0.106539
1778110095.9139912,8.0,2.0,0.100272
1778110097.9366655,6.0,1.7320508075688772,0.075204
1778110099.9450037,7.5,1.9364916731037085,0.094005
1778110101.960036,9.5,2.179449471770337,0.119073
1778110104.0186486,6.5,1.8027756377319946,0.081471
1778110106.0471413,7.5,1.9364916731037085,0.094005
1778110108.0299904,7.0,1.8708286933869707,0.087738
1778110110.085622,6.0,1.7320508075688772,0.075204
1778110112.1007376,6.5,1.8027756377319946,0.081471
1778110114.0917835,7.0,1.8708286933869707,0.087738
1778110116.1400247,7.5,1.9364916731037085,0.094005
1778110118.1455827,9.5,2.179449471770337,0.119073
1778110120.1509418,9.5,2.179449471770337,0.119073
1778110122.1785436,6.0,1.7320508075688772,0.075204
1778110124.1858714,8.0,2.0,0.100272
1778110126.222896,7.0,1.8708286933869707,0.087738
1778110128.2345164,7.5,1.9364916731037085,0.094005
1778110130.2472627,7.5,1.9364916731037085,0.094005
1778110132.2701702,8.0,2.0,0.100272
1778110134.3265707,8.0,2.0,0.100272
1778110136.3630004,6.5,1.8027756377319946,0.081471
1778110138.348113,6.0,1.7320508075688772,0.075204
1778110140.3553479,7.0,1.8708286933869707,0.087738
1778110142.3802247,6.5,1.8027756377319946,0.081471
1778110144.4083445,7.0,1.8708286933869707,0.087738
1778110146.4296415,7.5,1.9364916731037085,0.094005
1778110148.4366972,6.5,1.8027756377319946,0.081471
1778110150.460598,7.5,1.9364916731037085,0.094005
1778110152.4786458,10.5,2.29128784747792,0.131607
1778110154.5382683,11.0,2.345207879911715,0.137874
1778110156.530815,7.0,1.8708286933869707,0.087738
1778110158.5880094,5.0,1.5811388300841898,0.06267
1778110160.5930743,9.5,2.179449471770337,0.119073
1778110162.613421,7.0,1.8708286933869707,0.087738
1778110164.6243253,7.0,1.8708286933869707,0.087738
1778110166.650034,11.0,2.345207879911715,0.137874
1778110168.6566916,12.0,2.449489742783178,0.150408
1778110170.7179613,7.0,1.8708286933869707,0.087738
1778110172.7194927,7.0,1.8708286933869707,0.087738
1778110174.7290556,6.5,1.8027756377319946,0.081471
1778110176.7504838,7.5,1.9364916731037085,0.094005
1778110178.7840383,12.5,2.5,0.156675
1778110180.7999706,5.5,1.6583123951777,0.068937
1778110182.8181136,11.5,2.3979157616563596,0.144141
1778110184.8464155,6.0,1.7320508075688772,0.075204
1778110186.866789,6.5,1.8027756377319946,0.081471
1778110188.8730197,11.0,2.345207879911715,0.137874
1778110190.913549,9.0,2.1213203435596424,0.112806
1778110192.921132,6.5,1.8027756377319946,0.081471
1778110194.9269383,8.5,2.0615528128088303,0.106539
1778110196.972474,9.5,2.179449471770337,0.119073
1778110198.986503,4.0,1.4142135623730951,0.050136
1778110201.0126767,8.0,2.0,0.100272
1778110203.0213816,9.0,2.1213203435596424,0.112806
1778110205.0267482,9.5,2.179449471770337,0.119073
1778110207.054067,9.5,2.179449471770337,0.119073
1778110209.0667849,12.0,2.449489742783178,0.150408
1778110211.1331322,7.0,1.8708286933869707,0.087738
1778110213.1256144,3.0,1.224744871391589,0.037602
1778110215.154331,6.0,1.7320508075688772,0.075204
1778110217.1697536,7.5,1.9364916731037085,0.094005
1778110219.1765513,5.0,1.5811388300841898,0.06267
1778110221.214831,5.5,1.6583123951777,0.068937
1778110223.223252,7.0,1.8708286933869707,0.087738
1778110225.2800794,9.5,2.179449471770337,0.119073
1778110227.2578316,8.0,2.0,0.100272
1778110229.316544,8.5,2.0615528128088303,0.106539
1778110231.3404725,8.0,2.0,0.100272
1778110233.345425,9.5,2.179449471770337,0.119073
1778110235.3499293,8.0,2.0,0.100272
1778110237.3764684,4.5,1.5,0.056403
1778110239.3897347,9.0,2.1213203435596424,0.112806
1778110241.4278345,9.0,2.1213203435596424,0.112806
1778110243.4291866,9.5,2.179449471770337,0.119073
1778110245.4604826,10.5,2.29128784747792,0.131607
1778110247.483669,7.0,1.8708286933869707,0.087738
1778110249.4896414,9.0,2.1213203435596424,0.112806
1778110251.528974,7.0,1.8708286933869707,0.087738
1778110253.5356216,7.0,1.8708286933869707,0.087738
1778110255.5962021,10.5,2.29128784747792,0.131607
1778110257.5726695,7.0,1.8708286933869707,0.087738
1778110259.633735,10.0,2.23606797749979,0.12534
1778110261.6523097,9.5,2.179449471770337,0.119073
1778110263.6646957,8.5,2.0615528128088303,0.106539
1778110265.6775253,8.0,2.0,0.100272
1778110267.7187583,9.5,2.179449471770337,0.119073
1778110269.7269735,9.5,2.179449471770337,0.119073
1778110271.7432752,8.5,2.0615528128088303,0.106539
1778110273.7698336,10.0,2.23606797749979,0.12534
1778110275.7881508,8.5,2.0615528128088303,0.106539
1778110277.811748,7.0,1.8708286933869707,0.087738
1778110279.8445323,10.0,2.23606797749979,0.12534
1778110281.866466,11.5,2.3979157616563596,0.144141
1778110283.8736107,11.0,2.345207879911715,0.137874
1778110285.9107182,10.0,2.23606797749979,0.12534
1778110287.9183218,6.5,1.8027756377319946,0.081471
1778110289.9272661,7.0,1.8708286933869707,0.087738
1778110291.9726176,8.0,2.0,0.100272
1778110293.9856448,6.5,1.8027756377319946,0.081471
1778110295.9745047,11.0,2.345207879911715,0.137874
1778110298.0421152,5.0,1.5811388300841898,0.06267
1778110300.046532,5.5,1.6583123951777,0.068937
1778110302.0710106,6.5,1.8027756377319946,0.081471
1778110304.0775757,9.0,2.1213203435596424,0.112806
1778110306.1005394,8.5,2.0615528128088303,0.106539
1778110308.1336193,10.0,2.23606797749979,0.12534
1778110310.1385846,12.5,2.5,0.156675
1778110312.1552186,10.0,2.23606797749979,0.12534
1778110314.1810217,10.0,2.23606797749979,0.12534
1778110316.1971264,8.5,2.0615528128088303,0.106539
1778110318.2093015,8.0,2.0,0.100272
1778110320.2371702,7.5,1.9364916731037085,0.094005
1778110322.255463,7.5,1.9364916731037085,0.094005
1778110324.3157315,6.5,1.8027756377319946,0.081471
1778110326.3059587,9.5,2.179449471770337,0.119073
1778110328.3145938,10.5,2.29128784747792,0.131607
1778110330.3721416,7.0,1.8708286933869707,0.087738
1778110332.3999825,13.0,2.5495097567963922,0.162942
1778110334.4148188,8.5,2.0615528128088303,0.106539
1778110336.4002929,7.0,1.8708286933869707,0.087738
1778110338.4583066,10.0,2.23606797749979,0.12534
1778110340.4640722,8.5,2.0615528128088303,0.106539
1778110342.5216565,5.0,1.5811388300841898,0.06267
1778110344.5055304,9.0,2.1213203435596424,0.112806
1778110346.5242133,8.0,2.0,0.100272
1778110348.5317135,10.0,2.23606797749979,0.12534
1778110350.5577939,6.0,1.7320508075688772,0.075204
1778110352.577816,7.0,1.8708286933869707,0.087738
1778110354.5920584,7.5,1.9364916731037085,0.094005
1778110356.6347637,9.0,2.1213203435596424,0.112806
1778110358.64917,7.0,1.8708286933869707,0.087738
1778110360.6568813,7.0,1.8708286933869707,0.087738
1778110362.6818023,9.5,2.179449471770337,0.119073
1778110364.7391784,7.0,1.8708286933869707,0.087738
1778110366.7157145,9.0,2.1213203435596424,0.112806
1778110368.7823107,8.5,2.0615528128088303,0.106539
1778110370.802373,6.0,1.7320508075688772,0.075204
1778110372.8179529,8.5,2.0615528128088303,0.106539
1778110374.8288631,8.5,2.0615528128088303,0.106539
1778110376.8694236,4.5,1.5,0.056403
1778110378.8528018,6.0,1.7320508075688772,0.075204
1778110380.8700979,6.5,1.8027756377319946,0.081471
1778110382.938221,9.0,2.1213203435596424,0.112806
1778110384.9143405,6.5,1.8027756377319946,0.081471
1778110386.9326756,6.0,1.7320508075688772,0.075204
1778110388.9897945,7.0,1.8708286933869707,0.087738
1778110390.9777408,6.0,1.7320508075688772,0.075204
1778110393.0364194,7.0,1.8708286933869707,0.087738
1778110395.0455103,7.5,1.9364916731037085,0.094005
1778110397.0834482,5.0,1.5811388300841898,0.06267
1778110399.0899153,10.0,2.23606797749979,0.12534
1778110401.115342,3.5,1.3228756555322954,0.043869
1778110403.1225202,8.5,2.0615528128088303,0.106539
1778110405.1266766,6.5,1.8027756377319946,0.081471
1778110407.1502674,4.5,1.5,0.056403
1778110409.2072906,5.0,1.5811388300841898,0.06267
1778110411.2321384,8.0,2.0,0.100272
1778110413.2151387,3.0,1.224744871391589,0.037602
1778110415.273212,9.0,2.1213203435596424,0.112806
1778110417.30088,6.5,1.8027756377319946,0.081471
1778110419.2792037,7.0,1.8708286933869707,0.087738
1778110421.2970574,7.5,1.9364916731037085,0.094005
1778110423.360891,9.0,2.1213203435596424,0.112806
1778110425.386019,8.0,2.0,0.100272
1778110427.4019272,6.0,1.7320508075688772,0.075204
1778110429.4089577,11.0,2.345207879911715,0.137874
1778110431.446401,11.0,2.345207879911715,0.137874
1778110433.4526436,5.0,1.5811388300841898,0.06267
1778110435.4589326,6.0,1.7320508075688772,0.075204
1778110437.49015,8.0,2.0,0.100272
1778110439.500747,8.0,2.0,0.100272
1778110441.5256507,7.5,1.9364916731037085,0.094005
1778110443.53819,9.5,2.179449471770337,0.119073
1778110445.59896,9.0,2.1213203435596424,0.112806
1778110447.601944,5.0,1.5811388300841898,0.06267
1778110449.6065028,11.0,2.345207879911715,0.137874
1778110451.630586,10.0,2.23606797749979,0.12534
1778110453.657202,12.0,2.449489742783178,0.150408
1778110455.6666787,9.5,2.179449471770337,0.119073
1778110457.6833625,8.0,2.0,0.100272
1778110459.7196496,8.5,2.0615528128088303,0.106539
1778110461.7453635,12.0,2.449489742783178,0.150408
1778110463.7537103,7.5,1.9364916731037085,0.094005
1778110465.7889497,9.0,2.1213203435596424,0.112806
1778110467.807656,9.0,2.1213203435596424,0.112806
1778110469.820168,11.5,2.3979157616563596,0.144141
1778110471.862091,6.5,1.8027756377319946,0.081471
1778110473.8720133,5.5,1.6583123951777,0.068937
1778110475.8986607,5.5,1.6583123951777,0.068937
1778110477.917703,8.0,2.0,0.100272
1778110479.925822,5.5,1.6583123951777,0.068937
1778110481.9699287,8.0,2.0,0.100272
1778110484.0104458,7.0,1.8708286933869707,0.087738
1778110485.980971,6.0,1.7320508075688772,0.075204
1778110488.0456195,8.0,2.0,0.100272
1778110490.0723312,3.0,1.224744871391589,0.037602
1778110492.088644,6.0,1.7320508075688772,0.075204
1778110494.096726,8.0,2.0,0.100272
1778110496.0884464,8.5,2.0615528128088303,0.106539
1778110498.150393,10.5,2.29128784747792,0.131607
1778110500.158774,10.0,2.23606797749979,0.12534
1778110502.1957233,8.5,2.0615528128088303,0.106539
1778110504.208906,12.0,2.449489742783178,0.150408
1778110506.2418437,9.5,2.179449471770337,0.119073
1778110508.248057,9.5,2.179449471770337,0.119073
1778110510.251769,10.0,2.23606797749979,0.12534
1778110512.2797554,4.0,1.4142135623730951,0.050136
1778110514.2846718,10.5,2.29128784747792,0.131607
1778110516.3050287,6.5,1.8027756377319946,0.081471
1778110518.3546169,7.0,1.8708286933869707,0.087738
1778110520.3929253,8.5,2.0615528128088303,0.106539
1778110522.413774,7.0,1.8708286933869707,0.087738
1778110524.4213347,4.0,1.4142135623730951,0.050136
1778110526.416847,6.5,1.8027756377319946,0.081471
1778110528.477764,9.5,2.179449471770337,0.119073
1778110530.485741,6.0,1.7320508075688772,0.075204
1778110532.5112016,7.0,1.8708286933869707,0.087738
1778110534.5199487,5.0,1.5811388300841898,0.06267
1778110536.5429404,9.0,2.1213203435596424,0.112806
1778110538.5477977,5.5,1.6583123951777,0.068937
1778110540.6046216,6.0,1.7320508075688772,0.075204
1778110542.588495,12.0,2.449489742783178,0.150408
1778110544.6500082,7.0,1.8708286933869707,0.087738
1778110546.6668556,6.0,1.7320508075688772,0.075204
1778110548.698196,9.5,2.179449471770337,0.119073
1778110550.711545,8.5,2.0615528128088303,0.106539
1778110552.7272503,7.0,1.8708286933869707,0.087738
1778110554.7583654,8.5,2.0615528128088303,0.106539
1778110556.7332568,9.5,2.179449471770337,0.119073
1778110558.7954736,3.5,1.3228756555322954,0.043869
1778110560.783016,7.5,1.9364916731037085,0.094005
1778110562.79809,7.0,1.8708286933869707,0.087738
1778110564.8617299,5.0,1.5811388300841898,0.06267
1778110566.852598,7.0,1.8708286933869707,0.087738
1778110568.9114292,10.5,2.29128784747792,0.131607
1778110570.887132,4.0,1.4142135623730951,0.050136
1778110572.9520028,9.5,2.179449471770337,0.119073
1778110574.9649227,9.0,2.1213203435596424,0.112806
1778110576.9899473,10.0,2.23606797749979,0.12534
1778110578.9973266,9.5,2.179449471770337,0.119073
1778110581.0170038,7.0,1.8708286933869707,0.087738
1778110583.0555556,9.5,2.179449471770337,0.119073
1778110585.06193,8.0,2.0,0.100272
1778110587.0789897,12.0,2.449489742783178,0.150408
1778110589.1304471,11.5,2.3979157616563596,0.144141
1778110591.1214294,7.5,1.9364916731037085,0.094005
1778110593.1382105,8.5,2.0615528128088303,0.106539
1778110595.1449344,7.5,1.9364916731037085,0.094005
1778110597.1747782,7.5,1.9364916731037085,0.094005
1778110599.23173,9.0,2.1213203435596424,0.112806
1778110601.2136762,6.0,1.7320508075688772,0.075204
1778110603.2728968,9.0,2.1213203435596424,0.112806
1778110605.2811177,11.0,2.345207879911715,0.137874
1778110607.304804,12.5,2.5,0.156675
1778110609.3106885,5.0,1.5811388300841898,0.06267
1778110611.3386896,7.5,1.9364916731037085,0.094005
1778110613.377941,11.0,2.345207879911715,0.137874
1778110615.386101,8.5,2.0615528128088303,0.106539
1778110617.4035444,8.5,2.0615528128088303,0.106539
1778110619.4350255,9.0,2.1213203435596424,0.112806
1778110621.4548879,8.0,2.0,0.100272
1778110623.4616294,9.0,2.1213203435596424,0.112806
1778110625.4873943,5.5,1.6583123951777,0.068937
1778110627.5038311,8.5,2.0615528128088303,0.106539
1778110629.5238554,7.0,1.8708286933869707,0.087738
1778110631.5824375,12.5,2.5,0.156675
1778110633.5891616,5.5,1.6583123951777,0.068937
1778110635.5985587,8.5,2.0615528128088303,0.106539
1778110637.6245837,13.5,2.598076211353316,0.169209
1778110639.6315296,10.0,2.23606797749979,0.12534
1778110641.664248,8.5,2.0615528128088303,0.106539
1778110643.6721582,11.0,2.345207879911715,0.137874
1778110645.7369041,8.0,2.0,0.100272
1778110647.7180626,7.0,1.8708286933869707,0.087738
1778110649.7760758,7.5,1.9364916731037085,0.094005
1778110651.79681,6.5,1.8027756377319946,0.081471
1778110653.7768013,12.0,2.449489742783178,0.150408
1778110655.8469489,12.0,2.449489742783178,0.150408
1778110657.8592942,7.5,1.9364916731037085,0.094005
1778110659.8877301,5.0,1.5811388300841898,0.06267
1778110661.910311,8.0,2.0,0.100272
1778110663.9165006,7.5,1.9364916731037085,0.094005
1778110665.9056087,7.5,1.9364916731037085,0.094005
1778110667.9629042,7.0,1.8708286933869707,0.087738
1778110669.9687514,10.0,2.23606797749979,0.12534
